_Chelsea_#0342,_Chelsea__,*Chelsea4926,builder,TRUE,,,–ü–æ–ª—Ç–∞–≤–∞,18.12.20,,
LeHuH#6200,DrabberDwarf109,*DrabberDwarf109,builder,TRUE,,,–ö—Ä–∞—Å–Ω–æ–¥–∞—Ä,,,
È¢ÜË¢ñÂñµ‰∏ªÂ∏≠#9525,,*GeMinXiaoJiang,builder,FALSE,New York (Minefact),,–°–∞–Ω–∫—Ç-–ü–µ—Ç–µ—Ä–±—É—Ä–≥,24.03.21,,
Slite#9194,_Slite,,builder,TRUE,,,"–°—Ç–µ—Ä–ª–∏—Ç–∞–º–∞–∫, –í–æ–ª–≥–æ–≥—Ä–∞–¥",14.07.20,,
AC_CND#2003,AC_CND_2,,builder,FALSE,,,,,,
Acid#4294,acidfd,,builder,TRUE,,,–ß–µ–ª—è–±–∏–Ω—Å–∫,26.04.21,,
aguilam#8614,Aguilam,,builder,TRUE,,,–ú–æ—Å–∫–≤–∞,30.05.20,,
Algert_1#6190,Algert_1,,builder,FALSE,,,,28.06.20,,
antarctis#5422,antarctis,,leader,TRUE,,,,,,
BeraBork#6452,BeraBork,,builder,FALSE,,,,19.03.21,,
Big Gooberfish#1038,Big_Gooberfish,,builder,FALSE,BTE Central Asia,,,08.11.20,,
Brigart#0689,Brigart_,,co-leader,TRUE,,,–°–∞–Ω–∫—Ç-–ü–µ—Ç–µ—Ä–±—É—Ä–≥,06.06.20,,
BruhFish_#6942,BruhFish_,,builder,FALSE,Chernobyl Exclusion Zone,,–ß–ê–ï–°,22.04.21,,
Zackary#5495,BuildIreland45,,builder,FALSE,,,,22.10.20,,
clickednebula3#4710,clickednebula3,,,FALSE,,,,,,
Monirec#0240,cutcontent,,builder,FALSE,,,,,,
DanielTnc#1887,DanielTNC,,builder,FALSE,BTE Central Asia,,"–ù—É—Ä-–°—É–ª—Ç–∞–Ω, –ö–∞—Ä–∞–∫–æ–ª",,,
Danklles#6116,Danklles,,builder,FALSE,,,,09.03.21,,
Peely!#0392,PeelyMell,,builder,TRUE,,,–¢—É–∞–ø—Å–µ,08.03.21,,
–ï–≥–æ—Ä –ê–Ω—Ç–æ–Ω–æ–≤#0317,Egor_Ant073,,builder,TRUE,,,–ú–æ—Å–∫–≤–∞ (–Ø—Å–µ–Ω–µ–≤–æ),06.02.21,,
ElisayPalisay#6643,ElisayPalisay,,builder,FALSE,,,–ú–∏–Ω—Å–∫,,,
02.04.21,enli4,,builder,FALSE,Minefact,,,02.04.21,,
Essen#1828,EssenYT,,builder,TRUE,,,–ü–æ–ª—Ç–∞–≤–∞,22.12.20,,
Fast_Shadow915,Fast_Shadow915,,builder,FALSE,Chernobyl Exclusion Zone,,–ß–ê–ï–°,,,
FradsMan#9912,Fradsman,,builder,TRUE,,,–ú–æ—Å–∫–≤–∞,20.05.21,,
Mixa Mortiferum#6847,glitch315,,builder,FALSE,Chernobyl Exclusion Zone,,–ß–ê–ï–°,,,
Haysamawan#3479,Haysamawan,,builder,FALSE,BTE Central Asia,,,,,
Erich Maler#4525,Higitsune_Fox,,reviewer,TRUE,,,"–ú–æ—Å–∫–≤–∞, –ü—Ä–µ—Å–Ω–µ–Ω—Å–∫–∏–π —Ä–∞–π–æ–Ω",21.04.20,,
WillKill#3750,IvesTrys,,builder,FALSE,Chernobyl Exclusion Zone,,–ß–ê–ï–°,,,
Iwinyou#6050,Iwinyou,,builder,FALSE,,,–ï—Ä–µ–≤–∞–Ω,28.04.21,,
Lebert130#5127,Kwiatkok,,subdivision leader,FALSE,BTE Armenia,,–ú–∞—Å–∏—Å,,,
greytis#1521,LacrosseMan34,,builder,FALSE,,,,29.10.20,,
London#5355,London,,builder,TRUE,,,,27.09.20,,
v4siv#5838,v4siv_,*v4514,reviewer,TRUE,,,–ó–µ–ª–µ–Ω–æ–≥—Ä–∞–¥,09.08.20,,
MaxTer#9711,MaxTer_62,,builder,TRUE,,,"–†—è–∑–∞–Ω—å, –ú–æ—Å–∫–≤–∞",07.02.21,,
Minty#1000,MintyDonut,,builder,FALSE,Hong Kong and Macau,,,31.03.21,,
Et3rnl.#3536,n1xe_,,builder,FALSE,,,,,,
NevJev#7555,NevJev,,builder,FALSE,Chernobyl Exclusion Zone,,"–ß–ê–ï–°, EuroRoad",20.04.21,,
Nintendo Kid#4295,Nintendo_Kid,,builder,FALSE,New Jersey Build Team,,,03.04.21,,
Phats#7633,Phats_,,builder,FALSE,,,–ù—É—Ä-–°—É–ª—Ç–∞–Ω,23.10.20,,
Qwertyssimo#7073,Qwertyssimo,,builder,FALSE,BTE Italia,,,03.04.21,,
renardykt#3744,renardykt,,co-leader,TRUE,,,"–°–∞–Ω–∫—Ç-–ü–µ—Ç–µ—Ä–±—É—Ä–≥, –Ø–∫—É—Ç—Å–∫",21.04.20,,
Tessellate#6948,Sakuya_Idzayoi,,builder,TRUE,,,–ó–µ–ª–µ–Ω–æ–≥—Ä–∞–¥,04.06.20,,
Arsenno#7964,Senoshchka,,reviewer,TRUE,,,–õ—å–≤i–≤,,,
omikron#9067,smert999,,Server Master,TRUE,,,–°–∞–Ω–∫—Ç-–ü–µ—Ç–µ—Ä–±—É—Ä–≥,21.04.20,,
SoleSol06#0794,SoleSol06,,builder,TRUE,,,,,,
kurtswebber#7493,Spauxkaux,,builder,FALSE,,,,31.08.20,,
swenowenson#1033,swenowenson,,builder,FALSE,,,,,,
Syntaxyou#0054,Syntaxyou,,builder,FALSE,"Germany, Alps",,–ú–æ—Å–∫–≤–∞,19.05.21,,
Alikx Ivan0vchik#1168,tonymacx86PRO,,builder,FALSE,,,–¢–∞–º–±–æ–≤,03.04.21,,
tsunami#3425,Tsunamijakob,,builder,FALSE,,,,07.11.20,,
Uralets#1223,Uralets                   *Uralets6446,,builder,TRUE,,,–ü–µ—Ä–º—å,06.10.20,,
Vilu#2406,viggenQWE,,builder,FALSE,"Chernobyl exclusion zone, BTE nordic,",,–ß–ê–ï–°,21.02.21,,
Wayworn Atol#8353,WaywornAtol,,builder,TRUE,,,"–ú–æ—Å–∫–≤–∞, –í–µ–ª–∏–∫–∏–π –ù–æ–≤–≥–æ—Ä–æ–¥",06.10.20,,
sixrombs#2440,xSLXERx,,builder,TRUE,,,"–ë–µ—Ä–¥—èÃÅ–Ω—Å—å–∫, –í–µ—Ç—Ä–æ—ç–ª–µ–∫—Ç—Ä–æ—Å—Ç–∞–Ω—Ü–∏–∏",16.01.21,,
–ü–æ–¥–ø—Ä–∞–ø–æ—Ä—â–∏–∫ –ë–µ–ª–æ–∫—É—Ä–æ–≤#7517,YtNeZoPlAy,,builder,FALSE,,,,27.05.21,,
SkyBuilder#9980,YTSkyBuilder,*SkyscraperBuild,builder,TRUE,,,–°–∞–Ω–∫—Ç-–ü–µ—Ç–µ—Ä–±—É—Ä–≥,,,
„Éï„Ç©„ÉÉ„ÇØ„Çπ „ÇØ„É©„Ç¶„Éâ#8775,,,builder,FALSE,"–∫–∏–∫–Ω—É—Ç —Å —Å–µ—Ä–≤–µ—Ä–∞, –Ω–µ –≤–µ—Ä–Ω—É–ª—Å—è",,,21.04.20,,
Cinnazeyy | „Ç∑„Éä„Çª„Ç§#2440,,,builder,FALSE,,,,,,
Bosnian Mapper#0245,Pineapples_Trix,,builder,FALSE,,,,22.08.20,,
JeB_#1561,,,builder,FALSE,–Ω–µ—Ç –Ω–∞ —Å–µ—Ä–≤–µ—Ä–µ,,,,,
Monirec#0240,,,builder,FALSE,–Ω–µ—Ç –Ω–∞ —Å–µ—Ä–≤–µ—Ä–µ,,,,,
BabyblueSheep#2241,,,builder,FALSE,–Ω–µ—Ç –Ω–∞ —Å–µ—Ä–≤–µ—Ä–µ,,,,,
hergolen#8714,,,builder,FALSE,–Ω–µ—Ç –Ω–∞ —Å–µ—Ä–≤–µ—Ä–µ,,,,,
Mokasin#0119,,,builder,FALSE,–Ω–µ—Ç –Ω–∞ —Å–µ—Ä–≤–µ—Ä–µ,,,,,
crasher925#0925,,,builder,FALSE,Chernobyl Exclusion Zone,,–ß–ê–ï–°,,,
Elogar#0103,,,builder,FALSE,,,,22.04.20,,
Pushlike#4819,,,builder,FALSE,,,,,,
MR [Slendy]#6051,,,builder,FALSE,,,,,,
508#8535,,,builder,FALSE,,,,,,
darkWyzzard#7080,,,builder,FALSE,,,,,,
wenkk.#9607,,,builder,FALSE,,,,,,
KinderB‚óág (Tka4nik)#1415,,,builder,FALSE,,,,,,
kag1f#2532,,,builder,FALSE,,,,,,
BuTeR#9739,,,builder,FALSE,,,,,,
Kadekomst#3887,,,builder,FALSE,,,,25.04.20,,
Alexandr (Rostov-on-Don Russia)#4697,,,builder,FALSE,,,,26.04.20,,
Alesha Sunner#6497,,,builder,FALSE,,,,27.06.20,,
DedlyShed#8355,,,builder,FALSE,,,,,,
MikeLetatel#3060,,,builder,FALSE,,,,21.04.20,,
Andrew Bruh#9467,,,builder,FALSE,,,,,,
SuperSpaceMC#9421,,,builder,FALSE,,,,,,
–°oprita#2236,,,builder,FALSE,,,,,,
M1ddlaus#7953,,,builder,FALSE,,,,,,
ÔΩ≤ÔæëÂàÄu‰πá„ÇìÂàÄÔæâ„Ç∫#6461,,,builder,FALSE,,,,,,
Jerry#3951,,,builder,FALSE,,,,,,
Miraklelele#9709,,,builder,FALSE,,,,11.06.20,,
Pupok69#9981,,,builder,FALSE,,,,,,
–≠–¥—É–∞—Ä–¥–æ#0198,,,builder,FALSE,,,,11.06.20,,
JIecHa9I_Jaba#8682,,,builder,FALSE,,,,28.06.20,,
Gundle#6276,,,builder,FALSE,,,,15.06.20,,
Cavemaker#8248,,,builder,FALSE,,,,20.07.20,,
SLiMER#3666,,,builder,FALSE,,,,,,
waximilian#2895,,,builder,FALSE,,,,04.07.20,,
Flower#8545,,,builder,FALSE,,,,27.06.20,,
–ë–∞—Ç—É#3649,,,builder,FALSE,,,,,,
FoXiKk#6950,,,builder,FALSE,,,,,,
FeT#2223,,,builder,FALSE,,,,23.08.20,,
Litvinchik_228#3015,LukasJH,,builder,FALSE,,,–ù–æ–≤–æ—Å–∏–±–∏—Ä—Å–∫,15.06.21,,
Max_diver#9358,Silver0k,,builder,FALSE,,,–ú–æ—Å–∫–≤–∞,16.06.21,,
Tolya#9741,10d22,,builder,TRUE,,,–ü–æ–ª—Ç–∞–≤–∞,17.06.21,,
–ë—Ä–∞–≤–ª–µ—Ä#8163,Arhitector2,,builder,TRUE,,,"–ù–æ–≤–æ—É–∑–µ–Ω—Å–∫, –°–∞—Ä–∞—Ç–æ–≤—Å–∫–∞—è –æ–±–ª",12.06.21,,
804538045458845#0001,w0ri,,builder,FALSE,–°–µ–≤–∞,,–ë–æ–≥–æ—Ä–æ–¥—Å–∫–æ–µ,,,
dreamcatcher#3677,Dreamcatcher3677,,builder,TRUE,,,–Ü–≤–∞ÃÅ–Ω–æ-–§—Ä–∞–Ω–∫—ñÃÅ–≤—Å—å–∫,28.06.21,,
Frankey Johnson(56761)#3015,Sortlama,,builder,TRUE,,,–£–ª—å—è–Ω–æ–≤—Å–∫,28.06.21,,
S4NN3R#1488,Cinthro,,builder,FALSE,,,–ú–æ—Å–∫–≤–∞,,,
SuS#4273,L1EN,,builder,FALSE,,,–°–∞–Ω–∫—Ç-–ü–µ—Ç–µ—Ä–±—É—Ä–≥,02.07.21,,
Mr. Kerensky#3288,MrKerensky,,builder,FALSE,,,–ö—Ä–∞—Å–Ω–æ–¥–∞—Ä,05.07.21,,
–ö–∞—Ä–ø#1481,ProstoCarp5_YT,,builder,TRUE,,,–ó–µ–ª–µ–Ω–æ–≥—Ä–∞–¥—Å–∫ (–ö–∞–ª–∏–Ω–∏–Ω–≥—Ä–∞–¥—Å–∫–∞—è –æ–±–ª–∞—Å—Ç—å),05.07.21,,
Deyzongg#5980,Deyzongg,,builder,FALSE,,,–ö—Ä–∞—Å–Ω–æ–¥–∞—Ä,05.07.21,,
sanchikserj#0602,Sanchikserj123,,builder,TRUE,,,–ù–æ–≤–æ–∞–Ω–≥–∞—Ä—Å–∫ (–ö—Ä–∞—Å–Ω–æ—è—Ä—Å–∫–∏–π –∫—Ä–∞–π),05.07.21,,
WorldChaser#9245,worlding,,builder,FALSE,,,–¢–±–∏–ª–∏—Å–∏,05.07.21,,
zhekka#8798,PluffMC,,builder,FALSE,,,–õ—ã—Ç–∫–∞—Ä–∏–Ω–æ (–ú–æ—Å–∫–æ–≤—Å–∫–∞—è –æ–±–ª–∞—Å—Ç—å),05.07.21,,
KAPUCHINOYT#9225,UNTAM3 ,,builder,FALSE,,,–°—Ç–µ—Ä–ª–∏—Ç–∞–º–∞–∫,06.07.21,,
–°—É—Ö–∞—Ä–∏–∫#0462,CyxapukYT,,builder,FALSE,,,–ë—Ä–∞—Ç—Å–∫,06.07.21,,
MagicVolck#3493,volck,,builder,FALSE,,,"–ò—Å—Ç—Ä–∞, –ú–æ—Å–∫–æ–≤—Å–∫–∞—è –û–±–ª–∞—Å—Ç—å",06.07.21,,
Zolotaya_Morkov#8886,Zolotaya_Morkov,,builder,FALSE,,,–ú–æ—Å–∫–≤–∞ (–ú–∞—Ä—å–∏–Ω–∞ –†–æ—â–∞),06.07.21,,
! –î–µ–¥!#8505,tipmaen,,builder,FALSE,,,–ë—Ä–∞—Ç—Å–∫,06.07.21,,
Nide Ros#0001,Zaz_man,,builder,FALSE,,,–û—Ä—ë–ª,07.07.21,,
Wyelier#4443,Wyelier,,builder,FALSE,,,–Ø–∫—É—Ç—Å–∫,07.07.21,,
directX#4151,WINGEARYT,,builder,FALSE,,,"–°–∞—Ä–∞—Ç–æ–≤, –í–æ–ª–≥–æ–≥—Ä–∞–¥",07.07.21,,
1001th#1001,1001Th,,builder,FALSE,,,–°–µ—Ä–ø—É—Ö–æ–≤-13,08.07.21,,
skenx.#0001,skenx_,,builder,TRUE,,,–°–∞–º–∞—Ä–∞,10.07.21,,
DedlyShed#8355,DedlyShed,,builder,FALSE,,,–ö—Ä–µ–º–µ–Ω—á—É–∫,,,
Alexanderus#9384 (FRUkado),DerArtur47,,builder,FALSE,,,–ö–∞–∑–∞–Ω—å,18.07.21,,
1olkek#5410,1olkek,,builder,TRUE,,,–ë–∞—Ä–Ω–∞—É–ª,18.07.21,,
ùìëùì∏ùìªùìæùìΩùì∏ ùì§ùîÉùìæùì∂ùì™ùì¥ùì≤#0896,BogdanLappo509,,builder,FALSE,,,–¢—É–ª–∞,20.07.21,,
Klimushka#4355,Klimushka,,builder,TRUE,,,–ö—Ä–∞—Å–Ω–æ–¥–∞—Ä,10.02.21,,
ANIS_BUILDER#3934,dashgordon,,builder,FALSE,,,–°–µ–≤–∞—Å—Ç–æ–ø–æ–ª—å,,,
MrDemetrio#9008,MrDemetrio,,builder,FALSE,,,–ß–µ–±–æ–∫—Å–∞—Ä—ã,24.07.21,,
fullbag.yummy#6858,Lightspark_T,,builder,FALSE,,,–í–∏–Ω–Ω–∏—Ü–∞,24.07.21,,
danil564864#5396,_BARRIER_,,builder,FALSE,,,–ù–æ–≤–æ—Å–∏–±–∏—Ä—Å–∫,01.08.21,,
—Ä–µ–¥—Å–∞–π–ª?#1509,psychoreds_,,junior,TRUE,,,–û–º—Å–∫,03.08.21,,
–ò–≥–æ—Ä—å –®–µ–≤–∞#6666,igorlol77,,builder,FALSE,,,–î–Ω–µ–ø—Ä,04.08.21,,
‚ô°·¥Ä ü…™s·¥Ä‚ô°#4868,Alisochka657,,builder,FALSE,,,–°—Ç–∞—Ä–æ–∫–æ—Å—Ç—è–Ω—Ç–∏–Ω–æ–≤,04.08.21,,
Qix#3357,Qix3357,*Qix3357,builder,TRUE,,,–û–¥–µ—Å—Å–∞,05.08.21,,
krutoy_ne_Mertvy_cot_MRCartelCAT#1864,Official_cat,,builder,FALSE,,,–ê—Ä—Ö–∞–Ω–≥–µ–ª—å—Å–∫,04.08.21,,
SEBU#6969,Sebusik,,builder,FALSE,,,,05.08.21,,
–ú—É—Ä—Ñ–∞—á#4217,ItzMurfach,,builder,FALSE,,,–ù–æ–≤–æ—Å–∏–±–∏—Ä—Å–∫,05.08.21,,
–ò–≥–æ—Ä—å –¢.#0001,ccllaannccyy,,builder,FALSE,,,"–ú–µ–≥–∏–æ–Ω, –ù–∏–∂–Ω–µ–≤–∞—Ä—Ç–æ–≤—Å–∫",05.08.21,,
maksimk#4924,Goshan4ik2009,,builder,FALSE,,,–¢–æ–º—Å–∫,06.08.21,,
—Å–≤–∞—Ä—â–∏–∫#9130,,*EndingMistik992,builder,FALSE,,,"–°–∞–Ω–∫—Ç-–ü–µ—Ç–µ—Ä–±—É—Ä–≥, —É–ª–∏—Ü–∞ –î—ã–±–µ–Ω–∫–æ",06.08.21,,
Qywolf#3850,Qywo1f,,builder,TRUE,,,–ñ–µ–ª–µ–∑–Ω–æ–≥–æ—Ä—Å–∫,06.08.21,,
Sir Misterio#3235,Migalim89,,builder,FALSE,,,–ö—Ä–∞—Å–Ω–æ–¥–∞—Ä,09.08.21,,
Kirill Birbin#0455,Kirillbir,,builder,FALSE,,,–ê—Å—Ç—Ä–∞—Ö–∞–Ω—å,09.08.21,,
Ariel#2060,Finn97rus,,builder,TRUE,,,–°–º–æ–ª–µ–Ω—Å–∫,09.08.21,,
AGA 54#9637,Argent_Rizer_13,,builder,FALSE,,,–ë–µ—Ä–¥—Å–∫ (–ù–æ–≤–æ—Å–∏–±–∏—Ä—Å–∫–∞—è –æ–±–ª),10.08.21,,
KircaaHarFox#2802,KircaaHarFox,,builder,TRUE,,,–ö—Ä–∞—Å–Ω–æ–¥–∞—Ä,,,
winterket#3345,winterket_31,*winterket,builder,TRUE,,,"–ë–µ–ª–≥–æ—Ä–æ–¥, –ö—É—Ä—Å–∫",12.08.21,,
ùììùìÆùìøùì∏4ùì¥ùì™#0627,Taisbas,,builder,FALSE,,,–ñ–∏–≥—É–ª–µ–≤—Å–∫ (–°–∞–º–∞—Ä—Å–∫–∞—è –æ–±–ª),13.08.21,,
Gameman303(D/-|-||/|/\bl4)#0538,,*FosterJungle675 ,junior,FALSE,,,"–°–∞–Ω–∫—Ç-–ü–µ—Ç–µ—Ä–±—É—Ä–≥, —É–ª–∏—Ü–∞ –î—ã–±–µ–Ω–∫–æ",14.08.21,,
doolktiktok#7416,_doolk_5_,,builder,FALSE,,,–ü–µ—Ç—Ä–æ–ø–∞–≤–ª–æ–≤—Å–∫-–ö–∞–º—á–∞—Ç—Å–∫–∏–π,14.08.21,,
L1me9#1219,RLdL1me9,,builder,FALSE,,,–°—ã–∫—Ç—ã–≤–∫–∞—Ä,,,
Xpaund#7900,Xpaund,,builder,FALSE,,,–î–Ω–µ–ø—Ä,18.08.21,,
[–î–ê–ù–ù–´–ï –£–î–ê–õ–ï–ù–´]#1851,Mr_CAJIATiK,,builder,FALSE,,,–î–Ω–µ–ø—Ä,18.08.21,,
M–∞rcus#2884,_MarcusKnight_,,builder,FALSE,,,–ö–∏–µ–≤,18.08.21,,
Munch31#6888,Munch31,,builder,FALSE,,,–£–ª—å—è–Ω–æ–≤—Å–∫,19.08.21,,
Fedot =)#8647,camron2545,,builder,TRUE,,,–ü–æ–¥–æ–ª—å—Å–∫,21.08.21,,
MaxikSas#9982,llllTepaseollll,,builder,TRUE,,,–í–æ–ª–æ–≥–¥–∞,22.08.21,,
artix#3868,Artix_klv01 ,,,FALSE,,,,24.08.21,,
–°—É—â–µ—Å—Ç–≤–æ#5453,No_Nick ,,builder,TRUE,,,–ë–∞—Ä–Ω–∞—É–ª,26.08.21,,
–ñ–µ–Ω—è228#8254,General658534270 ,,builder,FALSE,,,–ö–∏–µ–≤,26.08.21,,
Kotyara#9642,,*Kotyara12321,builder,FALSE,,,–†–æ—Å—Ç–æ–≤-–Ω–∞-–î–æ–Ω—É,27.08.21,,
mxreikedun#2784,mxreikedun,,builder,FALSE,BTE Germany,,–ö–∏–µ–≤,29.08.21,,
GalaK#1560 ,GalaK_Miner,,builder,FALSE,,,–ù–æ–≤–æ—Å–∏–±–∏—Ä—Å–∫,29.08.21,,
Space_Maze#5824,Bluesuma,,builder,FALSE,,,–†–æ—Å—Ç–æ–≤-–Ω–∞-–î–æ–Ω—É,30.08.21,,
–ö—Ä—É–Ω–æ–≤–∏—á#9304,-,,-,–°—Ç—Ä–æ–∏—Ç –≤ –æ–¥–∏–Ω–æ—á–∫–µ,,,"–õ–æ–±–∞–Ω–æ–≤–æ, –ü–µ—Ä–º—Å–∫–∏–π –∫—Ä–∞–π",,,
crysell#7900,-,,-,–°—Ç—Ä–æ–∏—Ç –≤ –æ–¥–∏–Ω–æ—á–∫–µ,,,–ö–∞–ª–∏–Ω–∏–Ω–≥—Ä–∞–¥,31.08.21,,
–ó–¥—Ä–∞–≤—Å—Ç–≤—É–π—Ç–µ –≥–æ—Å–ø–æ–¥–∏–Ω#6674,IIIkAcp           ,,builder,FALSE,,,–û–∫—Ç—è–±—Ä—Å–∫–∏–π (–ë–∞—à–∫–∏—Ä–∏—è),31.08.21,,
Brick#8619,-,,-,–°—Ç—Ä–æ–∏—Ç –≤ –æ–¥–∏–Ω–æ—á–∫–µ,–ø–æ–¥–æ–∑—Ä–∏—Ç–µ–ª—å–Ω—ã–π,,–ù–æ—Ä–∏–ª—å—Å–∫,,,
Elidder#4819,Elidder,,builder,FALSE,,,–ú–æ—Å–∫–≤–∞,01.09.21,,
Lengu#9607,LenguGamer_,,builder,FALSE,,,–ò–∂–µ–≤—Å–∫,04.09.21,,
BDart_#9564,BDart_,,builder,TRUE,Build It 1:1,,–ú–æ—Å–∫–≤–∞,03.09.21,,
kibercsmo#2943,kibercsmo,,builder,FALSE,,,–®–∞—Ö—Ç—ã (–†–æ—Å—Ç–æ–≤—Å–∫–∞—è –æ–±–ª–∞—Å—Ç—å),05.09.21,,
Frand#6975,FrandTop,,builder,TRUE,,,–£—Å—Ç—å-–ò–ª—å–∏–º—Å–∫ / –ò—Ä–∫—É—Ç—Å–∫,13.09.21,,
Sna6Jenec / ShurikPopug#2664,EmoRainbows666,,builder,TRUE,Luckwet ,,–ú–∞—Ä–∏—É–ø–æ–ª—å,10.02.21,,
–±–µ–ª–∞—Ñ–æ—Ä–∫–∞#5246,belaforka_,,builder,FALSE,,,–í–∏—Ç–µ–±—Å–∫,16.09.21,,
Xonge#0517,Sypachev,,builder,FALSE,,,–ü–µ—Ä–º—å,16.09.21,,
Marshall_404#5098,Steelynx,,builder,FALSE,,,–ï–∫–∞—Ç–µ—Ä–∏–Ω–±—É—Ä–≥,18.09.21,,
[FiSl] Sedoy Gunslinger#1391,WalterPlayCH,,builder,FALSE,,,–í–æ—Ä–æ–Ω–µ–∂—Å–∫–∞—è –∏ –ú–æ—Å–∫–æ–≤—Å–∫–∞—è –æ–±–ª,20.09.21,,
QTVNickBro#8239,QTVNickBro,,builder,TRUE,,,–û–¥–µ—Å—Å–∞,24.09.21,,
Drubbaz#2616,warnerx3,,builder,TRUE,,,"–ù–∞—Ä–æ-–§–æ–º–∏–Ω—Å–∫, –ú–û",03.10.21,,
k1vr#6665,k1vr,,builder,TRUE,,,–ë–∞—Ä–Ω–∞—É–ª,09.10.21,,
–¢–æ–≤–∞—Ä–∏—â Nikitun#0089       ,Nikitun_Ivanov,,builder,TRUE,,,–†–æ—Å—Ç–æ–≤-–Ω–∞-–î–æ–Ω—É,21.10.21,,
Stels (Konstantin Mazein)#7610,Stelsink ,,junior,TRUE,,,–°–∞–Ω–∫—Ç-–ü–µ—Ç–µ—Ä–±—É—Ä–≥,23.10.21,,
Peter Tea#3235,Creespang,,builder,TRUE,Criffane14,Criffane14,–ö—Ä–∞—Å–Ω–æ–¥–∞—Ä,,,
Dflgre#1716,Deadphishy,,builder,TRUE,,,–ú–æ—Å–∫–≤–∞,24.10.21,,
‚ô† ‚ô£ ÿπŸÑŸâ ÿßÿ≥ÿ™ÿπÿØÿßÿØ ŸÑŸÑŸÖŸàÿ™ ‚ô• ‚ô¶#5242,Demon_Dem0n ,,builder,TRUE,,,–ï–∫–∞—Ç–µ—Ä–∏–Ω–±—É—Ä–≥,24.10.21,,
Erravle#0137,Erravle,,builder,TRUE,,,–õ—é–±–µ—Ä—Ü—ã,25.10.21,,
‚±£…ç…®m»∫s≈ß…á…ç„âì#2008,Tutyaaa,,builder,TRUE,,,–ï–∫–∞—Ç–µ—Ä–∏–Ω–±—É—Ä–≥,26.10.21,,
Johnson#0096,Aksi_stream,,builder,TRUE,,,–°–∞–Ω–∫—Ç-–ü–µ—Ç–µ—Ä–±—É—Ä–≥,26.10.21,,
boroda4#3758,Leo22000 ,,builder,TRUE,,,–ö–∞–ª–∏–Ω–∏–Ω–≥—Ä–∞–¥,26.10.21,,
–ê–π–µ—ÄYT#2714,GrandmaTyrone,,builder,TRUE,,,–ö–∞–∑–∞–Ω—å,27.10.21,,
Valencian Ball#7575,PlaydaniilXBOX,,junior,TRUE,,,"–ú–æ—Å–∫–≤–∞, –°–í–ê–û",28.10.21,55.77412610436058 37.632282070678706,
fistashqa#8660 ,Barbos1996,,junior,TRUE,,,–ú–æ—Å–∫–≤–∞,28.10.21,,
–í–ª–∞–¥–∏—Å–ª–∞–≤ –õ–∞–∑–∞—Ä–µ–≤#1725,MrL4zar ,,builder,TRUE,,,"–≠–ª–µ–∫—Ç—Ä–æ—Å—Ç–∞–ª—å, –ú–û",31.10.21,,
CzedoruS#2292,CzedoruS ,,junior,TRUE,,,"–û—Å—Ç–∞–Ω–∫–∏–Ω–æ, –ú–æ—Å–∫–≤–∞",31.10.21,,
putin#8244 ,Bladistay ,,builder,TRUE,,,"–û—Å—Ç–∞–Ω–∫–∏–Ω–æ, –ü—Ä–æ—Å–ø–µ–∫—Ç –ú–∏—Ä–∞, –ú–æ—Å–∫–≤–∞",31.10.21,,
Repachino#7182 ,BadFoxYT ,,junior,TRUE,,,–ö—Ä–∞—Å–Ω–æ—è—Ä—Å–∫,31.10.21,,
300 elo#6491 ,E_Egorka_E ,,junior,TRUE,,,–í–æ—Ä–æ–Ω–µ–∂,31.10.21,,
Dima1213#2032,DimaGamer1213 ,,junior,TRUE,,,–ë–∞—Ä–Ω–∞—É–ª,01.11.21,,
lidntemup_24#7517,YtNeZoPlAy,,junior,TRUE,,,–ë–∞—Ä–Ω–∞—É–ª,31.10.21,,
–ö–æ–ª—è –°–º–∏—Ä–Ω–æ–≤#9764,ZinCum ,,builder,TRUE,,,–û–±–Ω–∏–Ω—Å–∫ ,01.11.21,,
Strelok12(–ú–∞–∫—Å–æ—Å)#2434,Mattsi ,,builder,TRUE,,,–ú–æ—Å–∫–≤–∞,01.11.21,,
1FoReVeR1#3612,123FoReVeR321 ,,builder,TRUE,,,–í–æ–ª—å—Å–∫ ,01.11.21,,
NikLex#4033,dr4mbit ,,junior,TRUE,,,,01.11.21,,
Baker_Pizza#9626,Baker_Pizza,,builder,TRUE,,,–û–¥–∏–Ω—Ü–æ–≤–æ,01.11.21,,
–Ø—Ä–æ—Å–ª–∞–≤—ä#1843,FluffyMongooose ,,junior,TRUE,,,–ù–æ–≤—ã–π –£—Ä–µ–Ω–≥–æ–π ,01.11.21,,
Vedoth#9104,Vedoth14 ,,junior,TRUE,,,–°–µ–≤–µ—Ä–æ–¥–≤–∏–Ω—Å–∫ ,01.11.21,,
Raskat#2401,Raskat ,,junior,TRUE,,,–û–±–Ω–∏–Ω—Å–∫ ,01.11.21,,
daniel01#0097,daniel0001 ,,junior,FALSE,Canada,,,02.11.21,,
Aryan Shaim#8083,AryShaim ,,junior,TRUE,,,–°–µ–≤–∞—Å—Ç–æ–ø–æ–ª—å,02.11.21,,
JiJa#0676,BleyTap,,junior,TRUE,,,–ú–æ—Å–∫–≤–∞,02.11.21,,
(‚òûÔæü„ÉÆÔæü)‚òû PH0NKer#3384,PH0ONKer ,,junior,TRUE,,,–£—Ä–∞–π,02.11.21,,
–ú—ç–π—Å–µ—Ä#4103,_Mayser_,,junior,TRUE,,,–ú–∏–Ω—Å–∫,02.11.21,,
Ajno#0239,Ajno,,builder,TRUE,,,–°–∞–Ω–∫—Ç-–ü–µ—Ç–µ—Ä–±—É—Ä–≥,02.11.21,,
–î–º—Ç—Ä–π#3435,ckc2471,,builder,TRUE,,,"–Ø—Å–µ–Ω–µ–≤–æ, –ú–æ—Å–∫–≤–∞",02.11.21,,
X_DanSlash_X#7809,TheBra2nDan ,,junior,TRUE,,,"–°–∞–Ω–∫—Ç-–ü–µ—Ç–µ—Ä–±—É—Ä–≥, –¥–æ—Ä–æ–≥–∏",03.11.21,,
A N D R E Yüí¢#7253 ,Nothingleftnot,,junior,TRUE,,,,03.11.21,,
yokkolk#5138 ,yokkolk ,,junior,TRUE,,,–ú–æ—Å–∫–≤–∞,03.11.21,,
Retuter444#4053 ,Retuter444,,junior,TRUE,,,,04.11.21,,
Meilee17#7129,Meilee17 ,,junior,TRUE,,,–ú–æ—Å–∫–≤–∞,05.11.21,,
RYAZANAX#8701,pierredani,,junior,TRUE,,,–†—è–∑–∞–Ω—å,05.11.21,,
NightMirror#5328 ,NightMirror,,junior,TRUE,,,–ú–æ—Å–∫–≤–∞,05.11.21,,
Hooorui#8863 ,Hort1k,,junior,TRUE,,,–ß–µ–ª—è–±–∏–Ω—Å–∫ ,07.11.21,,
immortal fury#8334 ,dyyyyyfff1 ,,junior,TRUE,,,–í–µ–ª–∏–∫–∏–π –ù–æ–≤–≥–æ—Ä–æ–¥ ,07.11.21,,
Za Warudo#8885,ffiji ,,junior,TRUE,,,–ú–æ—Å–∫–≤–∞,08.11.21,,
B4bySh4rk#2454       ,B4by_Sh4rk,,junior,TRUE,,,–û–¥–∏–Ω—Ü–æ–≤–æ,,,
Vlad5k#2821,Vlad5k ,,junior,TRUE,,,–ë–∏–π—Å–∫,08.11.21,,
regestriryisa#0220,regi4,,junior,TRUE,,,–ú–∏–Ω—Å–∫,08.11.21,,
NikitaGerasin#4742,OfSvoboda ,,junior,TRUE,,,–ü—è—Ç–∏–≥–æ—Ä—Å–∫,11.11.21,,
Av1ks#6493,Av1ks,,builder,TRUE,,,–ú–∞—Ä–∏—É–ø–æ–ª—å,12.11.21,,
Kamsky#0805,Kamsky22,,builder,TRUE,,,–ö–∞–∑–∞–Ω—å,14.11.21,,
–í—ç–π—Å#5868,WaysFX_,,junior,TRUE,,,,14.11.21,,
4chanovec#4585,Stoney336_,,junior,TRUE,,,–ö–∞–ª–∏–Ω–∏–Ω–≥—Ä–∞–¥,14.11.21,,
Gumba#8554,GumbaLegend,,junior,TRUE,,,–ß–µ–ª—è–±–∏–Ω—Å–∫ ,16.11.21,,
7WNR#1990,7WNR,,junior,TRUE,,,–ú–æ—Å–∫–≤–∞,16.11.21,,
Xeon#0984,XeonPhi1863,,builder,TRUE,Chernobyl EZ,,Chernobyl EZ,17.11.21,,
 =BlackWood=,_blackwood,,junior,TRUE,,,–ú—É—Ä–º–∞–Ω—Å–∫,20.11.21,,
kapystaa_#8511 ,ILyshkA__ ,,junior,TRUE,,,–ö–∏—Ä–æ–≤,22.11.21,,
F-104 C#8922 ,DixieCyanide ,,builder,TRUE,,,–ú–æ—Å–∫–≤–∞,22.11.21,,
bobryata#2563 ,bobryata ,,junior,TRUE,,,–ë–∞—Ä–Ω–∞—É–ª –∏/–∏–ª–∏ –ó–∞—Ä–∏–Ω—Å–∫ ,23.11.21,,
Danexa#1634,DanexaPlay ,,junior,TRUE,,,–°–µ–≤–∞—Å—Ç–æ–ø–æ–ª—å,23.11.21,,
rurusik44#1383,rurusik44,,junior,TRUE,,,–°–æ—á–∏,24.11.21,,
AndreyLenin#5398,nigun,,junior,TRUE,,,,24.11.21,,
–∫—É–ª–µ–±—è–∫–∞#9206,kylebyaka_,,builder,TRUE,,,–¢—é–º–µ–Ω—å,24.11.21,,
HEcaxapo4ek#7420 ,HEcaxapo4ek,,builder,TRUE,,,"–†–æ—Å—Ç–æ–≤-–Ω–∞-–î–æ–Ω—É(–†–æ—Å—Å–∏—è), –ò–∑–º–∞–∏–ª(–£–∫—Ä–∞–∏–Ω–∞)",25.11.21,,
igoryan z#1175 ,igoryanZ,,builder,TRUE,,,–°–∞–Ω–∫—Ç-–ü–µ—Ç–µ—Ä–±—É—Ä–≥ / –ù–æ–≤–æ—á–µ–±–æ–∫—Å–∞—Ä—Å–∫,27.11.21,,
Am#4074,amhey,,junior,TRUE,,,,28.11.21,,
ImRobloxPlayer#2498 ,FuriousApple9 ,,junior,TRUE,,,–ú–æ—Å–∫–≤–∞,29.11.21,,
∆ç«ùv…π#0341,Glebnext ,,junior,TRUE,,,–õ—é–±–µ—Ä—Ü—ã,03.12.21,,
Airsoft_of#2015 ,TheRacek,,junior,TRUE,,,,03.12.21,,
.R.#4226,BaHaHaSS,,junior,TRUE,,,–°–∞–Ω–∫—Ç-–ü–µ—Ç–µ—Ä–±—É—Ä–≥,06.12.21,,
The_slav(ü•ö)#3918,Theslav_egg,,junior,TRUE,,,–°–∞–Ω–∫—Ç-–ü–µ—Ç–µ—Ä–±—É—Ä–≥,06.12.21,,
–±–µ–∑—É–º–Ω—ã–π –∫–µ–∫—Å#2506,DmitriyKEKC,,junior,TRUE,,,–í–æ—Ä–æ–Ω–µ–∂,10.12.21,,
97JP#0643,97jp,,junior,TRUE,Germany,,"–ú–æ—Å–∫–≤–∞, –ö–∏–µ–≤",12.12.21,,
Arkangel#6925,Hyperame8bit,,junior,TRUE,,,–°–æ—á–∏,12.12.21,,
Yurik890GTX | Bilibino#6590,Yurik890GTX,,junior,TRUE,,,–ë–∏–ª–∏–±–∏–Ω–æ ,14.12.21,68.05431713496408 166.45610807751734,"–ï—Å—Ç—å –Ω–µ—Å–∫–æ–ª—å–∫–æ –∑–¥–∞–Ω–∏–π, –Ω–µ—Ç –±–ª–∞–≥–æ—É—Å—Ç—Ä–æ–π—Å—Ç–≤–∞"
Senky#6590,Yurik890GTX,,,FALSE,—Å—Ç–∞—Ä—ã–π –¥–∏—Å–∫–æ—Ä–¥,,,,,
KrasnayaPanda | „Éì„É™„Éì„Éé#6590,Yurik890GTX,,,FALSE,—Å—Ç–∞—Ä—ã–π –¥–∏—Å–∫–æ—Ä–¥,,,,,
Syjalo#6046,Syjalo,,junior,TRUE,,,–£—Ñ–∞,16.12.21,,
phabeZ#9588,phabeZZ,,junior,TRUE,,,,19.12.21,,
1477Frozy#6488,ConquestofBread,,junior,TRUE,,,–ú–æ—Å–∫–≤–∞,24.12.21,,
Ada#9316,Snaer,,junior,TRUE,,,–ö–∞–ª–∏–Ω–∏–Ω–≥—Ä–∞–¥,25.12.21,,
Dictionary#0434,Enkerou1337,,junior,TRUE,,,–£–∫—Ä–∞–∏–Ω–∞,26.12.21,,
akshitxam#4428,lolreachV1,,junior,TRUE,,,–¢–æ–º—Å–∫,26.12.21,58.60351377816831 49.66808394302912,"–ø–æ—Å—Ç—Ä–æ–µ–Ω–æ –Ω–µ—Å–∫–æ–ª—å–∫–æ –∑–¥–∞–Ω–∏–π, –Ω–µ–º–Ω–æ–≥–æ –±–ª–∞–≥–æ—É—Å—Ç—Ä–æ–π—Å—Ç–≤–∞, –Ω—É–∂–Ω–æ –Ω–∞—É—á–∏—Ç—å –º–∏–∫—Å–∞–º"
Maxitek#2957,Maxi460,,junior,TRUE,,,–ù–∏–∂–Ω–∏–π –ù–æ–≤–≥–æ—Ä–æ–¥,26.12.21,,
Definitely not Arthas#3498,MrArhitector,,junior,TRUE,,,–ö–∏–µ–≤/–õ—å–≤–æ–≤,26.12.21,,
Xtontia#2519,Xtontia,,junior,TRUE,,,–°–æ–ª—å–≤—ã—á–µ–≥–æ–¥—Å–∫,26.12.21,,
MineLikeYar#6409,CH_Wang,,-,TRUE,"–ì–†–ò–§–§–ï–†, –ó–ê–ë–ê–ù–ï–ù",,–ú–æ—Å–∫–≤–∞,26.12.21,,
pavlch#1149,konor_kzcn,,builder,TRUE,,,–ö–∞–∑–∞–Ω—å,27.12.21,,
Unknwn#1537,Moon_dark,,junior,TRUE,,,–°–∞–Ω–∫—Ç-–ü–µ—Ç–µ—Ä–±—É—Ä–≥,27.12.21,,
ArtyomTop1gg#4347,ArtyomTop1gg,,junior,TRUE,,,–ê–ø—Ä–µ–ª–µ–≤–∫–∞,27.12.21,,
–ê–Ω–¥—Ä–µ–π_–ø–µ—á–µ–Ω—å–∫–∞#1958,jamesmatty,,junior,TRUE,,,–ò–∂–µ–≤—Å–∫,28.12.21,,
RaperTears#9007,Bugle20,,junior,TRUE,,,–ß–µ—Ä–µ–ø–æ–≤–µ—Ü,28.12.21,"59.129408, 37.910869 
",–Ω–µ–¥–æ—Å—Ç—Ä–æ–µ–Ω–æ –Ω–µ—Å–∫–æ–ª—å–∫–æ –¥–æ–º–æ–≤
Pupsen#3417,eigb,,junior,TRUE,,,"–°–∞–Ω–∫—Ç-–ü–µ—Ç–µ—Ä–±—É—Ä–≥, –°–º–æ–ª–µ–Ω—Å–∫",28.12.21,54.781691556790804 32.04875394503877,"–ø–æ—Å—Ç—Ä–æ–µ–Ω–æ –Ω–µ—Å–∫–æ–ª—å–∫–æ –¥–æ–º–æ–≤, –Ω–æ –ø–æ—á—Ç–∏ –Ω–µ—Ç –±–ª–∞–≥–æ—É—Å—Ç—Ä–æ–π—Å—Ç–≤–∞"
Zyablov#9294,Magicangel972,,junior,TRUE,,,–ö—É—Ä—Å–∫,28.12.21,"51.71904199435194 36.13645346742102 
","–ø–æ—Å—Ç—Ä–æ–µ–Ω–æ –Ω–µ—Å–∫–æ–ª—å–∫–æ –¥–æ–º–æ–≤, –Ω–æ –Ω–µ—Ç –±–ª–∞–≥–æ—É—Å—Ç—Ä–æ–π—Å—Ç–≤–∞"
Ferynt#7503,Shotguns,,junior,TRUE,,,–Æ—Ä–≥–∞,29.12.21,,
—Ö–∞—Å–∫–∏#3071,anonim7067,,junior,TRUE,,,–û–¥–µ—Å—Å–∞,29.12.21,,
polocrest#2301,KVASIK228,,junior,TRUE,,,–ö–∏–µ–≤,29.12.21,,
Ktilis#3770,Ktilis,,junior,TRUE,,,–ï–∫–∞—Ç–µ—Ä–∏–Ω–±—É—Ä–≥,29.21.21,"56.840594488570964, 60.61916845751495",–Ω–µ–¥–æ—Å—Ç—Ä–æ–µ–Ω–æ –∑–¥–∞–Ω–∏–µ
"Luvveus#9739
",AmortLesLGBT,,junior,TRUE,,,,31.12.21,,
Russe#0957,Skovsgaard,,builder,TRUE,,,–í–µ–ª–∏–∫–∏–π –ù–æ–≤–≥–æ—Ä–æ–¥,31.12.21,,
LeontyStrass#8949,Stroitel1331,,junior,TRUE,,,"–ï–∫–∞—Ç–µ—Ä–∏–Ω–±—É—Ä–≥, –ú–æ—Å–∫–≤–∞",31.12.21,"56.836524134191336, 60.58786337412943",–ø–æ—Å—Ç—Ä–æ–µ–Ω–æ –æ–¥–Ω–æ –∑–¥–∞–Ω–∏–µ —Å –æ—à–∏–±–∫–∞–º–∏
FunnyDoggy#0594,FunnyDoggy,,builder,TRUE,,,–û–¥–∏–Ω—Ü–æ–≤–æ,05.01.22,,
GohanGoha#5195,qq_goshan_qq,,junior,TRUE,,,–°–∞–Ω–∫—Ç-–ü–µ—Ç–µ—Ä–±—É—Ä–≥,05.01.22,,
–ö–∞–π–¥–æ#2451,AlfieDWarior,,junior,TRUE,,,–ï–∫–∞—Ç–µ—Ä–∏–Ω–±—É—Ä–≥,05.01.22,,
darkantos#3157,StormyRouge,,builder,TRUE,,,"–ì–∞–≤–∞—Ä, –ï—Ä–µ–≤–∞–Ω",05.01.22,,
43B69#7326,_43B69_,,junior,TRUE,,,"–¢–æ–º—Å–∫, –ö–∏—Ä–æ–≤, –†–µ—Å–ø—É–±–ª–∏–∫–∞ –ö–æ–º–∏",05.01.22,,
ananas#6002,Stiviii_7,,junior,TRUE,,,–ì—Ä–æ–¥–Ω–æ,05.01.22,,
galka#6621,liluka777,,junior,TRUE,,,"–û–±—É—Ö–æ–≤–æ, –ù–æ–≥–∏–Ω—Å–∫",06.01.22,,
Lqmer#5308,BlackBlade100,,junior,TRUE,,,–ú–∏–Ω—Å–∫,06.01.22,"53.914371, 27.579189","–ø–æ—Å—Ç—Ä–æ–µ–Ω–æ –Ω–µ—Å–∫–æ–ª—å–∫–æ –∑–¥–∞–Ω–∏–π, –Ω–æ –Ω–µ—Ç –±–ª–∞–≥–æ—É—Å—Ç—Ä–æ–π—Å—Ç–≤–∞"
–ö–û–¢_–í_–ù–û–°–ö–ê–•#7218,KOT_B_HOCKE,,builder,TRUE,,,–ï–∫–∞—Ç–µ—Ä–∏–Ω–±—É—Ä–≥,07.01.22,56.780768238410936 60.636561985149804,"–ø–æ—Å—Ç—Ä–æ–µ–Ω–æ –Ω–µ—Å–∫–æ–ª—å–∫–æ –¥–æ–º–æ–≤, –∏ —Å–æ–≤—Å–µ–º –Ω–µ–º–Ω–æ–≥–æ —Å–¥–µ–ª–∞–Ω–æ –±–ª–∞–≥–æ—É—Å—Ç—Ä–æ–π—Å—Ç–≤–æ"
NCL#8053,NewCrazyLeon,,builder,TRUE,BTE Germany,,–ö–∏–µ–≤,08.01.22,,
Alisa#7472,alis_4,,junior,TRUE,,,–†–æ—Å—Ç–æ–≤-–Ω–∞-–î–æ–Ω—É,08.01.22,,
HE0H#3363,HE0H,,junior,TRUE,,,–ú–æ—Å–∫–≤–∞,08.01.22,,
Lleyno#3280,LleynoYT,,junior,TRUE,BTE Bolivia,,–ê—à—Ö–∞–±–∞–¥,08.01.22,,
Cr1stal#2706,Cr1stal_YT,,junior,TRUE,,,–î—É—à–∞–Ω–±–µ,08.01.22,,
han.#4333,AshotX,,junior,TRUE,,,–°–∞–Ω–∫—Ç-–ü–µ—Ç–µ—Ä–±—É—Ä–≥,08.01.22,,
TheNekitGames#2773,_TNGames_,,junior,TRUE,,,–¢—é–º–µ–Ω—å,09.01.22,,
theflarm#4844,theflarm,,junior,TRUE,,,–ö–∏–µ–≤,09.01.22,,
Goovy#5959,goovy_,,junior,TRUE,,,–£—á–∞–ª—ã,10.01.22,,
ewfwfewefwfe#8394,jaleeeee,,junior,TRUE,,,–ò—Å–∫–∏—Ç–∏–º,11.01.22,,
–ö–æ–¢–∏–ö#6934,oreo0829,,junior,TRUE,,,–ú–æ—Å–∫–≤–∞,11.01.22,55.793616537144786 37.35642921968289,—Å—Ç—Ä–æ–∏—Ç –¥–æ—Ä–æ–≥—É
TalentedIdiot#9957,moon_wtch,,junior,TRUE,,,–ö–æ—Å—Ç–æ–º—É–∫—à–∞,11.01.22,,
Spectre4905,_wizzardo_,,builder,TRUE,,,–ú–æ—Å–∫–≤–∞,11.01.22,55.770512984059806 37.60513665462912,"–ø–æ—Å—Ç—Ä–æ–µ–Ω–Ω–æ —Ö–æ—Ä–æ—à–æ –∑–¥–∞–Ω–∏–µ, –∏ –µ—Å—Ç—å –Ω–µ–º–Ω–æ–≥–æ –±–ª–∞–≥–æ—É—Å—Ç—Ä–æ–π—Å—Ç–≤–∞"
Surfy de Builder#3981,SurfyParsley710,,junior,TRUE,,,–ë–∞—Ä–Ω–∞—É–ª,14.01.22,,
Roach#1535,th3aw3s0m3guy99,,junior,TRUE,,,–†–æ—Å—Ç–æ–≤-–Ω–∞-–î–æ–Ω—É,16.01.22,,
TAWR#8330,TAVR,,junior,TRUE,,,,16.01.22,,
Lerdik#0820,Lerdik09,,junior,TRUE,,,–ú–∞—Ö–∞—á–∫–∞–ª–∞,17.01.22,,
fored#3234,f0r3d,,junior,TRUE,,,–ö–∏–µ–≤,17.01.22,50.40217679593973 30.619489907781087,"–ø–æ–∫–∞-—á—Ç–æ –Ω–µ–¥–æ—Å—Ç—Ä–æ–µ–Ω–æ –∑–¥–∞–Ω–∏–µ, –Ω–æ –µ—Å—Ç—å –±–ª–∞–≥–æ—É—Å—Ç—Ä–æ–π—Å—Ç–≤–æ"
Cunctator#0404,_Cunctator_,,junior,TRUE,,,C–∞–Ω–∫—Ç-–ü–µ—Ç–µ—Ä–±—É—Ä–≥,18.01.22,,
alexandr#8882,alexandr_100,,junior,TRUE,,,–°–∞–Ω–∫—Ç-–ü–µ—Ç–µ—Ä–±—É—Ä–≥,18.01.22,60.00415601931208 30.342283270611173,"–µ—Å—Ç—å –ø—Ä–æ–±–ª–µ–º—ã, –Ω–æ –≥–æ—Ç–æ–≤ –∫ –æ–±—É—á–µ–Ω–∏—é, –≥–ª–∞–≤–Ω–æ–µ –Ω–µ —Å–ª–∏—à–∫–æ–º –¥–∞–≤–∏—Ç—å –Ω–∞ –Ω–µ–≥–æ"
pihta#3413,_pihta_,,junior,TRUE,,,"–°–∞–º–∞—Ä–∞, –£–ø—Ä–∞–≤–ª–µ–Ω—á–µ—Å–∫–∏–π",19.01.22,,
 Argunnjew#1320,Celestel,,Builder,TRUE,,,–ê–ª–º–∞-–ê—Ç–∞,03.01.22,,
LoMan0_0#5887,DeLoManX,,junior,TRUE,,,–¢–±–∏–ª–∏—Å–∏,23.12.21,,
! I Just A Feyzer#9670,Just A Feyzer,,Builder,TRUE,,,–ú–æ—Å–∫–≤–∞,14.12.21,,
–ö–∞–π –∫—Ç–æ —è#2506,DmitriyKEKC,,junior,TRUE,,,–í–æ—Ä–æ–Ω–µ–∂ ,10.12.21,51.672192015261835 39.19911088676457,"–ø–æ—Å—Ç—Ä–æ–µ–Ω–æ –Ω–µ—Å–∫–æ–ª—å–∫–æ –¥–æ–º–æ–≤(—Å –æ—à–∏–±–∫–∞–º–∏), –Ω–æ –Ω–µ—Ç –±–ª–∞–≥–æ—É—Å—Ç—Ä–æ–π—Å—Ç–≤–∞"
Lerri#4585,Lerringtony,,junior,TRUE,,,–ü—è—Ç–∏–≥–æ—Ä—Å–∫ ,09.12.21,,
Rostislaw(nice architectire)#1748,Rostislaw51,,junior,TRUE,,,–ö—Ä–∞—Å–Ω–æ–¥–∞—Ä,08.12.21,,–ø—É—Å—Ç–æ
Gred4in#0409,GreD4in_FIre,,junior,TRUE,,,–¢—É–∞–ø—Å–µ,03.12.21,,
yamato_is_Bosnian#2200,YamatoisBosnian ,,junior,TRUE,,,,14.11.21,,
–Ø—à–∫–∞#2695,ch4za,,junior,TRUE,,,–ê—Ä—Ö–∞–Ω–≥–µ–ª—å—Å–∫,19.01.22,,
YtkaSelezenSpy#8727,YtkaSelezenSpy,,junior,TRUE,,,–ú–æ—Å–∫–≤–∞,20.01.22,55.86401267801805 37.65432608171291,–ø—É—Å—Ç–æ
Sasanya#8014,Kruasanya,,junior,TRUE,,,–í–æ—Ä–æ–Ω–µ–∂,20.01.22,51.65952222423349 39.199612373733565,–ø–µ—Ä–≤–æ–µ –∑–¥–∞–Ω–∏–µ –≤ –ø—Ä–æ—Ü–µ—Å—Å–µ
Grusted#6481,Grusted,,junior,TRUE,,,–ò—Ä–∫—É—Ç—Å–∫ ,20.01.22,52.2596540844827 104.31122310643948,"–ì–æ—Ç–æ–≤–æ 1 –∑–¥–∞–Ω–∏–µ, –±–æ–ª—å—à–∞—è –¥–µ—Ç–∞–ª–∏–∑–∞—Ü–∏—è, –Ω–µ—Ç –±–ª–∞–≥–æ—É–π—Å—Ç—Ä–æ–≤—Ç–∞"
_Dragon_Antoxa_#4576,Dragon_Antoxa,,builder,TRUE,,,–®–ª–∏—Å—Å–µ–ª—å–±—É—Ä–≥,21.01.22,59.93603202037848 31.03526838308132,"–ì–æ—Ç–æ–≤–æ –Ω–µ—Å–∫–æ–ª—å–∫–æ –∑–¥–∞–Ω–∏–π, –±–ª–∞–≥–æ—É–π—Å—Ç—Ä–æ—Å—Ç–≤–æ –≤ –ø—Ä–æ—Ü–µ—Å—Å–µ, –ø–æ—á—Ç–∏ –≥–æ—Ç–æ–≤ –∫ –ø–µ—Ä–µ—Ö–æ–¥—É –≤ –±–∏–ª–¥–µ—Ä—ã"
Arokrame#7774,Ovosch_Yt,,junior,TRUE,,,–ú–æ—Å–∫–≤–∞ ,22.01.22,,
Â≠§Áã¨„ÅåÂ§ßÂ•Ω„Åç#5410,CyBearRedPanda,,junior,TRUE,,,–ñ–∏—Ç–æ–º–∏—Ä,23.01.22,,
Dimasga09#2690,Dimasga,,junior,TRUE,,,"–¢–æ–º—Å–∫, –ú–æ—Å–∫–≤–∞",23.01.22,,
—è–ø–æ–Ω–∞ –º–∞—Ç—å#6096,SuperPitek,,builder,TRUE,,,–ö—Ä–∞—Å–Ω–æ–¥–∞—Ä,24.01.22,45.06797521471973 39.01076010830671,–ø–æ–∫–∞-—á—Ç–æ –Ω–µ–¥–æ—Å—Ç—Ä–æ–µ–Ω–Ω–æ–µ –∑–¥–∞–Ω–∏–µ
Sviter#2335,Sviter,,builder,TRUE,,,"–ï–∫–∞—Ç–µ—Ä–∏–Ω–±—É—Ä–≥, –ú–æ—Å–∫–æ–≤—Å–∫–∞—è –æ–±–ª–∞—Å—Ç—å",29.12.20,,
Kanzler#2667,GenosseOrlov,,junior,TRUE,,,–°–∞–Ω–∫—Ç-–ü–µ—Ç–µ—Ä–±—É—Ä–≥,23.01.22,,
Aeroflot1super#0844,Swiss001_,,junior,TRUE,,,–ö–∞–∑–∞–Ω—å,25.01.22,,
kolokal12#6345,kolokal,,junior,TRUE,,,–ù–æ–≤–æ—Å–∏–±–∏—Ä—Å–∫,26.01.22,,
kotyara#1172,Kotyara_blin,,junior,TRUE,,,,,,
AngelDead#9999,TomTom12384,,junior,TRUE,,,–ú–∞–π–∫–æ–ø,27.01.22,44.610826507490614 40.06187689348072,–í–°–Å –ü–õ–û–•–û –°–†–û–ß–ù–û –ù–£–ñ–ù–ê –ü–û–ú–û–©–¨
Terton#0688,Tertonn,,junior,TRUE,,,–ï–∫–∞—Ç–µ—Ä–∏–Ω–±—É—Ä–≥,28.01.22,56.78642487682732 60.78349721475451,"–≥–æ—Ç–æ–≤–æ 3 –¥–æ–º–∞, –Ω–æ –Ω–µ—Ç –±–ª–∞–≥–æ—É—Å—Ç—Ä–æ–π—Å—Ç–≤–∞"
hrgln#7329,,,builder,FALSE,,,,21.04.20,,
Pupok69#7219,,,builder,FALSE,,,,11.06.20,,
! –ê–†–¢–ï–ú#9548,Artem_NVK,,builder,TRUE,,,–û–¥–∏–Ω—Ü–æ–≤–æ,17.06.20,,
! –ê–†–¢–ï–ú#0001,Artem_NVK,,builder,TRUE,,,–û–¥–∏–Ω—Ü–æ–≤–æ,17.06.20,,
! –ê–†–¢–ï–ú#3666,Artem_NVK,,builder,TRUE,,,–û–¥–∏–Ω—Ü–æ–≤–æ,17.06.20,,
Werwist#8436,WerwisT_,,junior,TRUE,,,–¢—é–º–µ–Ω—å,29.01.22,,
Berry bag.#3946,BerryBAG,,junior,TRUE,,,–°—Ç–µ—Ä–ª–∏—Ç–∞–º–∞–∫,29.01.22,,
hamsterukrainian#3649,,,builder,FALSE,,,,11.08.20,,
qwrtXX#5866,,,builder,FALSE,,,,20.08.20,,
ElsPls#6643,,,builder,FALSE,,,,22.08.20,,
SoleSol06#0794,,,builder,FALSE,,,,15.09.20,,
Criffane 14#7255,Criffane14,,builder,TRUE,,,–ö—Ä–∞—Å–Ω–æ–¥–∞—Ä,31.10.20,,
Mt. H#2572,,,builder,FALSE,,,,02.11.20,,
smyaub_YT#3471,,,builder,FALSE,,,,03.11.20,,
BaTukyc#3950,,,builder,FALSE,,,,03.11.20,,
E-Girl <3#2003,,,builder,FALSE,,,,07.11.20,,
Official_Flick#0420,Official_Flick,,builder,TRUE,,,–ù—É—Ä-–°—É–ª—Ç–∞–Ω,11.11.20,,
Puntertje#0001,,,builder,FALSE,,,,27.11.20,,
"Garfield(Nur-Sultan, Kazakhstan)#5766",,,builder,FALSE,,,,29.11.20,,
asilro#4678,,,builder,FALSE,,,,09.12.20,,
Az2#3734,,,builder,FALSE,,,,21.12.20,,
–î–º–∏—Ç—Ä–∏–π –ú–µ–¥–≤–µ–¥–µ–≤#1977,,,builder,FALSE,,,,28.12.20,,
Saharok#5374,,,builder,FALSE,,,,28.12.20,,
julewernvvp#3480,JuleWernVVP,,junior,TRUE,,,,30.01.22,,
RayPro#9866,jessthompsonx_,,junior,TRUE,,,–ù–æ–≤–æ—Å–∏–±–∏—Ä—Å–∫,02.02.22,,
Swiftbed#0001,Swiftbed,,junior,TRUE,,,,02.02.22,,
Pichi#7875,,,builder,FALSE,,,,03.01.21,,
FakeMan#9075,BlaizeDaKing,,junior,TRUE,,,,03.02.22,,
Kaito#8300,,,builder,FALSE,,,,11.01.21,,
Jimmauscas#4141,,,builder,FALSE,,,,18.01.21,,
Neverhoods#1579,Neverhoods,,builder,TRUE,,,,25.01.21,,
AlexPril#0675,,,builder,FALSE,,,,26.01.21,,
rusy#0351,,,builder,FALSE,,,,26.01.21,,
Finikot#7562,,,builder,FALSE,,,,28.01.21,,
ryazhenkaa#8297,,,builder,FALSE,,,,28.01.21,,
Jasupa#5523,,,builder,FALSE,,,,01.02.21,,
Taifune#8604,,,builder,FALSE,,,,02.02.21,,
Seva#4818,,,builder,FALSE,,,,02.02.21,,
Rocksefull#1648,,,builder,FALSE,,,,11.02.21,,
Unknown's BTE Account#4847,,,builder,FALSE,,,,14.02.21,,
dr0vvned#9223,,,builder,FALSE,,,,15.02.21,,
|Nobody|#2968,,,builder,FALSE,,,,17.02.21,,
pgr#3536,,,builder,FALSE,,,,21.02.21,,
JefferyTheNotepad#3418,,,builder,FALSE,,,,24.02.21,,
LetsDank#6996,,,builder,FALSE,,,,27.02.21,,
ulisseeterrani#3238,,,builder,FALSE,,,,19.03.21,,
dazzzler#1717,,,builder,FALSE,,,,26.03.21,,
IRoD-COVID_20_20#5222,,,builder,FALSE,,,,28.03.21,,
ChEeZzee#9630,,,builder,FALSE,,,,30.03.21,,
–î–∏–º–∞ –ì–æ—Ä–¥–µ–µ–≤#6656,,,builder,FALSE,,,,03.04.21,,
xXAnsenXx#7844,,,builder,FALSE,,,,04.04.21,,
aski#0403,,,builder,FALSE,,,,14.05.21,,
haledus#2006,,,builder,FALSE,,,,21.05.21,,
Ukukene#5610,,,builder,FALSE,,,,21.05.21,,
Creet#4875,,,builder,FALSE,,,,22.05.21,,
podliva_2008#6200,ayohey,,builder,FALSE,,,,24.05.21,,
Greyderp#9797,,,builder,FALSE,,,,14.06.21,,
Matefer#6202,Matefer,,junior,TRUE,,,–°–∞–Ω–∫—Ç-–ü–µ—Ç–µ—Ä–±—É—Ä–≥,03.02.22,,
vriska#7657,VriskaSerket88,,junior,TRUE,,,–ö–∞–∑–∞–Ω—å,03.02.22,,
VlasenkoIvan#4455,Rwus,,junior,TRUE,,,–ö–∏–µ–≤,04.02.22,,
Nasti_pro_#6769,Alkatraz_,,junior,TRUE,,,–ê—Å—Ç—Ä–∞—Ö–∞–Ω—å,07.02.22,,
Yura_sha#1947,LivelyDegree175,,junior,TRUE,,,–ü–µ—Ä–º—å,07.02.22,,
Damir2007#3357,Mr_Stivenson,,junior,TRUE,,,,07.02.22,,
Semyon#5546,Top_SEMBRO_game ,,junior,TRUE,,,,07.02.22,,
nir#2356,Nirchik,,junior,TRUE,,,,07.02.22,,
_Hudu_#5069,_Hudu_,,builder,TRUE,,,,07.02.22,,
PonPon4eg#8775,,*Pon4eg1998,junior,TRUE,,,,07.02.22,,
Deputy Geoff Henderson#4686,DeputyHenderson,,builder,FALSE,–Ω–µ—Ç –Ω–∞ –æ—Å–Ω–æ–≤–Ω–æ–º —Å–µ—Ä–≤–µ—Ä–µ,,,07.02.22,,
Thelax#5708,Flipersticky121,,junior,TRUE,,,–ê–ª–º–∞—Ç–∞,09.02.22,,
ezz#0007,luknxv,,junior,TRUE,,,,10.02.22,,
BarsiRk#1363,Barsirk,,junior,TRUE,,,–í–µ–ª–∏–∫–∏–µ –õ—É–∫–∏,10.02.22,,
Daniil_zvezda#7879,DaniilOk6227,,junior,TRUE,,,–ú–æ—Å–∫–≤–∞,11.02.22,,
kylebes#4977,Kylebes,,junior,TRUE,,,,11.02.22,,
–ö–æ—Ç–∏–∫ –í–æ—Ä–∫–æ—Ç–∏–∫#6990,KoteVorkote,,junior,TRUE,,,,11.02.22,,
tasermeow#8830,TAS3R,,junior,TRUE,,,,11.02.22,,
twilightArcher#6035,twilightArcher,,junior,TRUE,,,,12.02.22,,
ZhekaMart#4883,Evgeniimart,,junior,TRUE,,,,13.02.22,,
ItsPaulinka#1809,ItsPaulinka,,junior,TRUE,,,–ú–∏–Ω—Å–∫,14.02.22,,
–ø—á–µ–ª —Ç—ã..#4479,Tinersz,,junior,TRUE,–°–ü–ë,,,15.02.22,,
SelfishAltruist#3438,SelfishAltruist,,junior,TRUE,,,,15.02.22,,
Evrazh2ka#4600,Evrazh2ka,,junior,TRUE,,,,16.02.22,,
maximka1234#2004,maximka1234,,junior,TRUE,,,–ú–æ—Å–∫–≤–∞,17.02.22,,
Aidanochka#0976,eboq,,junior,TRUE,,,"–ö–∞–∑–∞—Ö—Å—Ç–∞–Ω, –ê–ª–º–∞—Ç—ã",17.02.22,,
Myrmex#4381,Myrmex,,junior,TRUE,,,,18.02.22,,
L0trik#9369,VopperZXC6372,,junior,TRUE,,,–†–æ—Å—Ç–æ–≤-–Ω–∞-–î–æ–Ω—É,18.02.22,,
DJ_Zahar#4827,DJ_Zahar,,junior,TRUE,,,,18.02.22,,
–ë–µ–ª–æ—Ö–≤–æ—Å—Ç–æ–≤ –ü–∞–≤–µ–ª#2846,bpavel,,junior,TRUE,,,,18.02.22,,
Lamohka#7777,Fort_T,,junior,TRUE,,,,19.02.22,,
!vtankist#0622,Ivtankist,,junior,TRUE,,,,20.02.22,,
Tqq<3#5758,__Lunatik,,junior,TRUE,,,–ù–æ–≤–æ—Å–∏–±–∏—Ä—Å–∫,20.02.22,,
VoronCrowno#7777,CrownoVoron,,junior,TRUE,,,–°–∞–Ω–∫—Ç-–ü–µ—Ç–µ—Ä–±—É—Ä–≥,20.02.22,,
leviychelik#1475,Black_Dust_,,junior,TRUE,,,–°–∞–Ω–∫—Ç-–ü–µ—Ç–µ—Ä–±—É—Ä–≥,20.02.22,,
SwearCat#5223,SwearCat,,junior,TRUE,,,,22.02.22,,
Shaman üá∞üáø#7732,CarterFarter03,,junior,TRUE,,,,22.02.22,,
Bricker#9797,Kirpichan,,junior,TRUE,,,,22.02.22,,
! ! ! ! ! ! ! ! ! !–ü–∞—Ä—Å–∏—Ñ–∞–ª—å –ñ T#1144,TTAPCUqpAJlb,,junior,TRUE,,,–°–µ–≤–∞—Å—Ç–æ–ø–æ–ª—å,23.02.22,,
Daniil_Vi#5353,Daniil_Vi,,junior,TRUE,,,–û–º—Å–∫,24.02.22,,
ARMANCHIC_12#4368,Armanchick12,,junior,TRUE,,,–ê–ª–º–∞—Ç—ã,26.02.22,,
R I C E#5343,Enderboy2910,,junior,TRUE,,,,26.02.22,,
Qaveru#3999,Qaveru,,junior,TRUE,,,,27.02.22,,
Asaro#3897,ML2iKei,,junior,TRUE,,,,27.02.22,,
GTX#1060,augusuto04,,junior,TRUE,,,,28.02.22,,
vladir#2797,vladir_,,junior,TRUE,,,,28.02.22,,
Yondo#2027,Yondo246,,junior,TRUE,,,,01.03.22,,
Hol_Opik#0699,Azotep,,junior,TRUE,,,,01.03.22,,
UNNAMED TEAM#4596,_Sandora_,,junior,TRUE,,,,04.03.22,,
Poder_rat#0371,HannahW1226,,junior,TRUE,,,,04.03.22,,
Neyrone#2350,Neyrone,,junior,TRUE,,,–û–¥–µ—Å—Å–∞,07.03.22,,
cl4pers#7777,Buebots,,junior,TRUE,,,–ï–∫–∞—Ç–µ—Ä–∏–Ω–±—É—Ä–≥,08.03.22,"56.75722012597529, 60.610942867199135
",
mcsosis#8370,allnedias,,junior,TRUE,,,–ü–µ—Ä–º—å,08.03.22,,
grushabloko#5946,MrWormikan,,junior,TRUE,,,–°–∞–Ω–∫—Ç-–ü–µ—Ç–µ—Ä–±—É—Ä–≥,08.03.22,,
IlyaSTron007#4248,zxcvQWE,,junior,TRUE,,,–°–æ—á–∏,08.03.22,,
white#3372,white72__,,junior,TRUE,,,–°–∞–Ω–∫—Ç-–ü–µ—Ç–µ—Ä–±—É—Ä–≥,08.03.22,,
BarjomiLAB#2526,labarjni,,junior,TRUE,,,"–ü–µ—Ä–º—å, –°–µ–≤–∞—Å—Ç–æ–ø–æ–ª—å",08.03.22,,
Hecker#6344,TheScarletLight,,junior,TRUE,,,,09.03.22,,
SpAiSsY#4893,Kassafin,,builder,TRUE,,,"–ë—Ä–µ—Å—Ç, –ú–∏–Ω—Å–∫",09.03.22,,
[–∫–∏–æ—Ç–æ]CatItachi#8238,CatItachi,,junior,TRUE,,,,10.03.22,,
—á–∏–∫–∏–±—Ä–∏–∫–∏#0273,timur200810,,junior,TRUE,,,,11.03.22,,
TieLie#1444,Big_Fun,,junior,TRUE,,,–ì—Ä–æ–¥–Ω–æ,11.03.22,,
Brawl Stars_OLEG2013#4077,Olegik,,junior,TRUE,,,–û–¥–µ—Å—Å–∞,13.03.22,,
unknownvoice#9523,SomeoneVP111,,junior,TRUE,,,"–ú–∏–Ω—Å–∫, –°–æ–ª–∏–≥–æ—Ä—Å–∫, –ë–µ–ª–∞—Ä—É—Å—å",21.03.22,,
ivanushka#2992,WuT_2,,junior,TRUE,,,–°–∏–º—Ñ–µ—Ä–æ–ø–æ–ª—å,29.03.22,,
I'm_Normalno#3744,oBoLo228chek,,junior,TRUE,,,,,,
HDL#0457,HDLOFFICIALKA,,junior,TRUE,,,,,,
Applepi#0364,Applepi_pi,,junior,TRUE,,,,,,
reronniz#1117,Rainbl0wer,,junior,TRUE,,,,,,
AEPSPRLR#2157,UnicornSparkle18,,junior,TRUE,,,,,,
–ú–∞–ª—ã—à_(.) (.)#6537,Azler,,junior,TRUE,,,,,,
–ö–∞–ø—É—Å—Ç–∞ 123#2828,Sqweezex,,builder,TRUE,,,,,,
GYUHYY#1847,GYUHYY,,junior,TRUE,,,,,,
lolkeking#1572,lolkeking,,junior,TRUE,,,,,,
kirill500#8525,MortalKoil,,builder,TRUE,,,,,,
kvas2005#8593,HeAdl0nG05,,junior,TRUE,,,,,,
Eleferen#8898,Eleferen,,junior,TRUE,,,,,,
Levgan#1270,Levgan,,junior,TRUE,,,,,,
Ivann#6662,IvannIrde,,Builder,TRUE,,,–°—Ç–µ—Ä–ª–∏—Ç–∞–º–∞–∫,,,
Dobrak#2049,_Old_Stone_,,junior,TRUE,,,,,,
ABOBA#6941,Mnonee,,junior,TRUE,,,,,,
Arnxtee#4752,Arnxtee,,junior,TRUE,,,,,,
Egor#2877,Diflson,,junior,TRUE,,,,,,
–°–∞–Ω—è –ê–Ω–∏—Å—å–∫–∏–Ω#2125,CAHEK0104,,junior,TRUE,,,,,,
–Ø –ª—é–±–ª—é —ç—Ç—É –∂–∏–∑–Ω—å#5758,__Lunatik,,junior,TRUE,,,,,,
Leo!#6320,inescxpxble,,junior,TRUE,,,,,,
Imak#5372,Ilia31052011,,junior,TRUE,,,,,,
Alcest#5616,Alcest_P,,junior,TRUE,,,,,,
Mewave#5624,Envakery,,junior,TRUE,,,,,,
Meksoneys(YT)#4404,MeksoNewsYT,,junior,TRUE,,,,,,
Teatov#7791,Teatov,,junior,TRUE,,,,,,
Dark Angel#4325,m1r0kk,,junior,TRUE,,,,,,
thegnominator#2539,Gnomintor,,junior,TRUE,,,,,,
kempachiii#3584,champagn,,junior,TRUE,,,,,,
BSV#0901,StasulyB9,,junior,TRUE,,,,,,
Dimon_Play#8122,DimaVasSer,,junior,TRUE,,,,,,
_AsdAsd#2033,_AsdAsd,,builder,TRUE,,,,,,
Globzer#4945,Gl0bzer,,junior,TRUE,,,,,,
Homanti#3376,Homanti,,junior,TRUE,,,,,,
Dima Woof#9632,Dima_Woof,,junior,TRUE,,,,,,
–ê–Ω–∞–ª—å–Ω—ã–π –î–µ–±–æ—à–∏—Ä#2983,MerTR008,,junior,TRUE,,,,,,
Decorector#4994,Decorector,,junior,TRUE,,,,,,
–ë–æ—Ä–∏—Å#4815,TopBoris9000,,builder,TRUE,,,,,,
HardyX#3452,HardyXXX,,junior,TRUE,,,,,,
shabolu#2698,MaxUNof,,junior,TRUE,,,,,,
qwnly.#5945,qwnly,,junior,TRUE,,,,,,
yukiryqqe#9764,CheLoveKeky,,builder,TRUE,,,,,,
EPIC GAMES#9111,flofik228,,junior,TRUE,,,–£–∫—Ä–∞–∏–Ω–∞,12.06.22,,
GimGiwer#8481,gggamer1238,,junior,TRUE,,,–í–æ–ª–≥–æ–≥—Ä–∞–¥,14.06.22,,
–Ø–Ω–¥–µ–∫—Å#2288,zindecholodecc,,junior,TRUE,,,,15.06.22,,
doza#4406,dozater,,junior,TRUE,,,,16.06.22,,
[AL] Alex Plays#4783,Alex_Plays_Yt,,junior,TRUE,,,,17.06.22,,
ZERO_TWO_02#3471,Den_Ben_TV,,junior,TRUE,,,–°–∞—Ä–∞–Ω—Å–∫,18.06.22,,
"vvsamurayvv#2224
",vvsamvv,,junior,TRUE,,,–ù–∞–±–µ—Ä–µ–∂–Ω—ã–µ –ß–µ–ª–Ω—ã,21.06.22,,
ArtCrafter#2604,ArtCrafteryt,,junior,TRUE,,,"–ö–∞–±–∞—Ä–¥–∏–Ω–æ-–ë–∞–ª–∫–∞—Ä—Å–∫–∞—è –†–µ—Å–ø—É–±–ª–∏–∫–∞
",23.06.22,,
morkov3000#4756,morkov3000,,junior,TRUE,,,–ê—Å—Ç—Ä–∞—Ö–∞–Ω—å,23.06.22,,
WarMonster#0049,WarMonster,,junior,TRUE,,,–Æ–≥–æ—Ä—Å–∫,29.06.22,,
–ê–Ω—Ç–æ–Ω –ë–µ—Ä–≥#3918,_brandonb,,junior,TRUE,,,–õ–æ—Å–∏–Ω–æ-–ü–µ—Ç—Ä–æ–≤—Å–∫–∏–π,30.06.22,,
Gidl#6818,BodnyR,,junior,TRUE,,,"–ù–∏–∫–æ–ª–∞–µ–≤, –û–¥–µ—Å—Å–∞",30.06.22,,
anatrop#9284,Anatrop1,,junior,TRUE,,,–°–µ–≤–∞—Å—Ç–æ–ø–æ–ª—å,,,
HiVatsap#6469,HiVatsap,,junior,TRUE,,,–ß–µ—Ä–Ω–∏–≥–æ–≤,09.07.22,,
NotEmalex#7570,NotEmalex,,junior,TRUE,,,–ï–∫–∞—Ç–µ—Ä–∏–Ω–±—É—Ä–≥,09.07.22,56.908757384483714 60.6012258304966,
UraDude#2319,UraDude_,,junior,TRUE,,,–ù–æ–≤–æ—Å–∏–±–∏—Ä—Å–∫,11.07.22,,
MrLampi4h#6533,MrLampi4h,,junior,TRUE,,,–ö–æ—Ä–æ–ª—ë–≤,11.07.22,,
,,,,FALSE,,,,,,
,,,,FALSE,,,,,,
,,,,FALSE,,,,,,
,,,,FALSE,,,,,,
,,,,FALSE,,,,,,
,,,,FALSE,,,,,,
,,,,FALSE,,,,,,
,,,,FALSE,,,,,,
,,,,FALSE,,,,,,
,,,,FALSE,,,,,,
,,,,FALSE,,,,,,
,,,,FALSE,,,,,,
,,,,FALSE,,,,,,
,,,,FALSE,,,,,,
,,,,FALSE,,,,,,
,,,,FALSE,,,,,,
,,,,FALSE,,,,,,
,,,,FALSE,,,,,,
,,,,FALSE,,,,,,
,,,,FALSE,,,,,,
,,,,FALSE,,,,,,
,,,,FALSE,,,,,,
,,,,FALSE,,,,,,
,,,,FALSE,,,,,,
,,,,FALSE,,,,,,
,,,,FALSE,,,,,,
,,,,FALSE,,,,,,
,,,,FALSE,,,,,,
,,,,FALSE,,,,,,
,,,,FALSE,,,,,,
,,,,FALSE,,,,,,
,,,,FALSE,,,,,,
,,,,FALSE,,,,,,
,,,,FALSE,,,,,,
,,,,FALSE,,,,,,
,,,,FALSE,,,,,,
,,,,FALSE,,,,,,
,,,,FALSE,,,,,,
,,,,FALSE,,,,,,
,,,,FALSE,,,,,,
,,,,FALSE,,,,,,
,,,,FALSE,,,,,,
,,,,FALSE,,,,,,
,,,,FALSE,,,,,,
,,,,FALSE,,,,,,
,,,,FALSE,,,,,,
,,,,FALSE,,,,,,
,,,,FALSE,,,,,,